BEGIN;
--
-- PostgreSQL database dump
--


--
-- Name: test; Type: DATABASE; Schema: -; Owner: sprinkler
--






--
-- Name: plpgsql; Type: EXTENSION; Schema: -; Owner: 
--



--
-- Name: EXTENSION plpgsql; Type: COMMENT; Schema: -; Owner: 
--



--
-- Name: adminpack; Type: EXTENSION; Schema: -; Owner: 
--



--
-- Name: EXTENSION adminpack; Type: COMMENT; Schema: -; Owner: 
--






--
-- Name: current_lines_state; Type: TABLE; Schema: public; Owner: sprinkler; Tablespace: 
--

CREATE TABLE current_lines_state (
    id integer NOT NULL,
    line_id integer NOT NULL,
    state_id integer NOT NULL
);


ALTER TABLE current_lines_state OWNER TO sprinkler;

--
-- Name: current_lines_state_id_seq; Type: SEQUENCE; Schema: public; Owner: sprinkler
--

CREATE SEQUENCE current_lines_state_id_seq
    START WITH 1
    INCREMENT BY 1
    NO MINVALUE
    NO MAXVALUE
    CACHE 1;


ALTER TABLE current_lines_state_id_seq OWNER TO sprinkler;

--
-- Name: current_lines_state_id_seq; Type: SEQUENCE OWNED BY; Schema: public; Owner: sprinkler
--

ALTER SEQUENCE current_lines_state_id_seq OWNED BY current_lines_state.id;


--
-- Name: day_of_week; Type: TABLE; Schema: public; Owner: sprinkler; Tablespace: 
--

CREATE TABLE day_of_week (
    id integer NOT NULL,
    num integer NOT NULL,
    name text NOT NULL
);


ALTER TABLE day_of_week OWNER TO sprinkler;

--
-- Name: day_of_week_id_seq; Type: SEQUENCE; Schema: public; Owner: sprinkler
--

CREATE SEQUENCE day_of_week_id_seq
    START WITH 1
    INCREMENT BY 1
    NO MINVALUE
    NO MAXVALUE
    CACHE 1;


ALTER TABLE day_of_week_id_seq OWNER TO sprinkler;

--
-- Name: day_of_week_id_seq; Type: SEQUENCE OWNED BY; Schema: public; Owner: sprinkler
--

ALTER SEQUENCE day_of_week_id_seq OWNED BY day_of_week.id;


--
-- Name: life; Type: TABLE; Schema: public; Owner: sprinkler; Tablespace: 
--

CREATE TABLE life (
    id integer NOT NULL,
    line_id integer NOT NULL,
    rule_id integer NOT NULL,
    state integer DEFAULT 0 NOT NULL,
    date date NOT NULL,
    timer timestamp without time zone NOT NULL,
    active integer DEFAULT 1 NOT NULL
);


ALTER TABLE life OWNER TO sprinkler;

--
-- Name: life_id_seq; Type: SEQUENCE; Schema: public; Owner: sprinkler
--

CREATE SEQUENCE life_id_seq
    START WITH 1
    INCREMENT BY 1
    NO MINVALUE
    NO MAXVALUE
    CACHE 1;


ALTER TABLE life_id_seq OWNER TO sprinkler;

--
-- Name: life_id_seq; Type: SEQUENCE OWNED BY; Schema: public; Owner: sprinkler
--

ALTER SEQUENCE life_id_seq OWNED BY life.id;


--
-- Name: lines; Type: TABLE; Schema: public; Owner: sprinkler; Tablespace: 
--

CREATE TABLE lines (
    id integer NOT NULL,
    number integer NOT NULL,
    name text NOT NULL
);


ALTER TABLE lines OWNER TO sprinkler;

--
-- Name: lines_id_seq; Type: SEQUENCE; Schema: public; Owner: sprinkler
--

CREATE SEQUENCE lines_id_seq
    START WITH 1
    INCREMENT BY 1
    NO MINVALUE
    NO MAXVALUE
    CACHE 1;


ALTER TABLE lines_id_seq OWNER TO sprinkler;

--
-- Name: lines_id_seq; Type: SEQUENCE OWNED BY; Schema: public; Owner: sprinkler
--

ALTER SEQUENCE lines_id_seq OWNED BY lines.id;


--
-- Name: state_of_line; Type: TABLE; Schema: public; Owner: sprinkler; Tablespace: 
--

CREATE TABLE state_of_line (
    id integer NOT NULL,
    short_name text NOT NULL,
    full_name text NOT NULL
);


ALTER TABLE state_of_line OWNER TO sprinkler;

--
-- Name: state_of_line_id_seq; Type: SEQUENCE; Schema: public; Owner: sprinkler
--

CREATE SEQUENCE state_of_line_id_seq
    START WITH 1
    INCREMENT BY 1
    NO MINVALUE
    NO MAXVALUE
    CACHE 1;


ALTER TABLE state_of_line_id_seq OWNER TO sprinkler;

--
-- Name: state_of_line_id_seq; Type: SEQUENCE OWNED BY; Schema: public; Owner: sprinkler
--

ALTER SEQUENCE state_of_line_id_seq OWNED BY state_of_line.id;


--
-- Name: type_of_rule; Type: TABLE; Schema: public; Owner: sprinkler; Tablespace: 
--

CREATE TABLE type_of_rule (
    id integer NOT NULL,
    name text NOT NULL
);


ALTER TABLE type_of_rule OWNER TO sprinkler;

--
-- Name: type_of_rule_id_seq; Type: SEQUENCE; Schema: public; Owner: sprinkler
--

CREATE SEQUENCE type_of_rule_id_seq
    START WITH 1
    INCREMENT BY 1
    NO MINVALUE
    NO MAXVALUE
    CACHE 1;


ALTER TABLE type_of_rule_id_seq OWNER TO sprinkler;

--
-- Name: type_of_rule_id_seq; Type: SEQUENCE OWNED BY; Schema: public; Owner: sprinkler
--

ALTER SEQUENCE type_of_rule_id_seq OWNED BY type_of_rule.id;


--
-- Name: week_schedule; Type: TABLE; Schema: public; Owner: sprinkler; Tablespace: 
--

CREATE TABLE week_schedule (
    id integer NOT NULL,
    day_number integer NOT NULL,
    line_id integer NOT NULL,
    rule_id integer NOT NULL,
    "time" time without time zone NOT NULL,
    "interval" integer NOT NULL,
    active integer DEFAULT 1 NOT NULL
);


ALTER TABLE week_schedule OWNER TO sprinkler;

--
-- Name: week_schedule_id_seq; Type: SEQUENCE; Schema: public; Owner: sprinkler
--

CREATE SEQUENCE week_schedule_id_seq
    START WITH 1
    INCREMENT BY 1
    NO MINVALUE
    NO MAXVALUE
    CACHE 1;


ALTER TABLE week_schedule_id_seq OWNER TO sprinkler;

--
-- Name: week_schedule_id_seq; Type: SEQUENCE OWNED BY; Schema: public; Owner: sprinkler
--

ALTER SEQUENCE week_schedule_id_seq OWNED BY week_schedule.id;


--
-- Name: id; Type: DEFAULT; Schema: public; Owner: sprinkler
--



--
-- Name: id; Type: DEFAULT; Schema: public; Owner: sprinkler
--



--
-- Name: id; Type: DEFAULT; Schema: public; Owner: sprinkler
--



--
-- Name: id; Type: DEFAULT; Schema: public; Owner: sprinkler
--



--
-- Name: id; Type: DEFAULT; Schema: public; Owner: sprinkler
--



--
-- Name: id; Type: DEFAULT; Schema: public; Owner: sprinkler
--



--
-- Name: id; Type: DEFAULT; Schema: public; Owner: sprinkler
--



--
-- Data for Name: current_lines_state; Type: TABLE DATA; Schema: public; Owner: sprinkler
--

COPY current_lines_state (id, line_id, state_id) FROM stdin;
1	1	1
2	2	3
\.


--
--



--
-- Data for Name: day_of_week; Type: TABLE DATA; Schema: public; Owner: sprinkler
--

COPY day_of_week (id, num, name) FROM stdin;
1	0	Воскресенье
2	1	Понедельник
3	2	Вторник
4	3	Среда
7	6	Суббота
5	4	Четверг
6	5	Пятница
\.


--
--



--
-- Data for Name: life; Type: TABLE DATA; Schema: public; Owner: sprinkler
--

COPY life (id, line_id, rule_id, state, date, timer, active) FROM stdin;
162	1	1	0	2017-06-01	2017-06-01 01:14:33.369	1
259	1	1	1	2017-06-01	2017-06-01 03:53:02.677034	1
260	1	2	0	2017-06-01	2017-06-01 03:54:02.677034	1
261	1	1	1	2017-06-01	2017-06-01 04:00:00.563966	1
163	1	2	0	2017-06-01	2017-06-01 01:15:33.369	1
164	1	1	0	2017-06-01	2017-06-01 01:21:58.83	1
191	1	1	1	2017-06-01	2017-06-01 03:13:05.802461	1
263	2	1	1	2017-06-01	2017-06-01 04:00:02.08265	1
192	1	2	1	2017-06-01	2017-06-01 03:14:05.802461	1
193	2	1	1	2017-06-01	2017-06-01 03:14:45.467646	1
194	2	2	1	2017-06-01	2017-06-01 03:15:45.467646	1
195	1	1	1	2017-06-01	2017-06-01 03:17:15.290515	1
197	2	1	1	2017-06-01	2017-06-01 03:17:16.817757	1
199	3	1	1	2017-06-01	2017-06-01 03:17:18.065516	1
201	4	1	1	2017-06-01	2017-06-01 03:17:19.150378	1
203	5	1	1	2017-06-01	2017-06-01 03:17:20.444348	1
265	3	1	1	2017-06-01	2017-06-01 04:00:03.170172	1
165	1	2	0	2017-06-01	2017-06-01 01:22:58.83	0
166	1	1	0	2017-06-01	2017-06-01 01:27:00.772	0
167	1	2	0	2017-06-01	2017-06-01 01:28:00.772	0
168	1	1	0	2017-06-01	2017-06-01 01:29:29.695	0
169	1	2	0	2017-06-01	2017-06-01 01:30:29.695	0
170	1	1	0	2017-06-01	2017-06-01 01:38:41.903275	0
171	1	2	0	2017-06-01	2017-06-01 01:39:41.903275	0
172	1	1	0	2017-06-01	2017-06-01 01:42:12.564658	0
174	2	1	0	2017-06-01	2017-06-01 01:42:14.066191	0
176	3	1	0	2017-06-01	2017-06-01 01:42:15.470191	0
178	4	1	0	2017-06-01	2017-06-01 01:42:16.709796	0
180	5	1	0	2017-06-01	2017-06-01 01:42:18.147979	0
173	1	2	0	2017-06-01	2017-06-01 01:43:12.564658	0
175	2	2	0	2017-06-01	2017-06-01 01:43:14.066191	0
177	3	2	0	2017-06-01	2017-06-01 01:43:15.470191	0
179	4	2	0	2017-06-01	2017-06-01 01:43:16.709796	0
181	5	2	0	2017-06-01	2017-06-01 01:43:18.147979	0
186	5	1	0	2017-06-01	2017-06-01 01:49:38.773026	0
187	5	2	0	2017-06-01	2017-06-01 01:50:38.773026	0
189	7	1	0	2017-06-01	2017-06-01 01:56:56.278107	0
190	7	2	0	2017-06-01	2017-06-01 01:57:56.278107	0
205	7	1	1	2017-06-01	2017-06-01 03:17:21.910846	1
206	7	2	0	2017-06-01	2017-06-01 03:18:21.910846	1
196	1	2	1	2017-06-01	2017-06-01 03:18:15.290515	1
198	2	2	1	2017-06-01	2017-06-01 03:18:16.817757	1
200	3	2	1	2017-06-01	2017-06-01 03:18:18.065516	1
202	4	2	1	2017-06-01	2017-06-01 03:18:19.150378	1
204	5	2	1	2017-06-01	2017-06-01 03:18:20.444348	1
207	1	1	1	2017-06-01	2017-06-01 03:19:52.320501	1
209	2	1	1	2017-06-01	2017-06-01 03:19:53.528723	1
211	3	1	1	2017-06-01	2017-06-01 03:19:54.78613	1
213	4	1	1	2017-06-01	2017-06-01 03:19:56.321525	1
215	5	1	1	2017-06-01	2017-06-01 03:19:57.826781	1
208	1	2	0	2017-06-01	2017-06-01 03:20:52.320501	0
267	4	1	1	2017-06-01	2017-06-01 04:00:04.294156	1
210	2	2	1	2017-06-01	2017-06-01 03:20:53.528723	1
212	3	2	1	2017-06-01	2017-06-01 03:20:54.78613	1
214	4	2	1	2017-06-01	2017-06-01 03:20:56.321525	1
216	5	2	1	2017-06-01	2017-06-01 03:20:57.826781	0
217	7	1	1	2017-06-01	2017-06-01 03:22:15.894975	1
218	7	2	0	2017-06-01	2017-06-01 03:23:15.894975	1
219	5	1	1	2017-06-01	2017-06-01 03:22:17.381434	1
221	4	1	1	2017-06-01	2017-06-01 03:22:18.514567	1
223	3	1	1	2017-06-01	2017-06-01 03:22:19.636486	1
225	2	1	1	2017-06-01	2017-06-01 03:22:26.289046	1
227	1	1	1	2017-06-01	2017-06-01 03:22:29.64112	1
228	1	2	0	2017-06-01	2017-06-01 03:23:29.64112	1
226	2	2	0	2017-06-01	2017-06-01 03:23:26.289046	0
224	3	2	1	2017-06-01	2017-06-01 03:23:19.636486	1
222	4	2	1	2017-06-01	2017-06-01 03:23:18.514567	1
220	5	2	1	2017-06-01	2017-06-01 03:23:17.381434	1
229	1	1	1	2017-06-01	2017-06-01 03:24:46.878294	1
230	1	2	0	2017-06-01	2017-06-01 03:25:46.878294	1
231	7	1	1	2017-06-01	2017-06-01 03:24:49.576809	1
232	7	2	0	2017-06-01	2017-06-01 03:25:49.576809	1
233	1	1	1	2017-06-01	2017-06-01 03:28:21.680195	1
234	1	2	0	2017-06-01	2017-06-01 03:29:21.680195	1
235	1	1	1	2017-06-01	2017-06-01 03:35:06.903266	1
236	1	2	0	2017-06-01	2017-06-01 03:36:06.903266	1
237	7	1	1	2017-06-01	2017-06-01 03:35:09.782851	1
238	7	2	0	2017-06-01	2017-06-01 03:36:09.782851	1
239	1	1	1	2017-06-01	2017-06-01 03:38:39.575968	1
240	1	2	0	2017-06-01	2017-06-01 03:39:39.575968	1
241	7	1	1	2017-06-01	2017-06-01 03:38:42.749453	1
242	7	2	0	2017-06-01	2017-06-01 03:39:42.749453	1
243	7	1	1	2017-06-01	2017-06-01 03:41:43.782294	1
244	7	2	1	2017-06-01	2017-06-01 03:42:43.782294	1
245	1	1	1	2017-06-01	2017-06-01 03:43:51.902144	1
246	1	2	0	2017-06-01	2017-06-01 03:44:51.902144	1
247	1	1	1	2017-06-01	2017-06-01 03:46:46.815692	1
248	1	2	0	2017-06-01	2017-06-01 03:47:46.815692	1
249	2	1	1	2017-06-01	2017-06-01 03:46:48.160398	1
250	2	2	0	2017-06-01	2017-06-01 03:47:48.160398	1
251	3	1	1	2017-06-01	2017-06-01 03:46:50.043684	1
252	3	2	0	2017-06-01	2017-06-01 03:47:50.043684	1
253	4	1	1	2017-06-01	2017-06-01 03:46:52.257376	1
254	4	2	0	2017-06-01	2017-06-01 03:47:52.257376	1
255	5	1	1	2017-06-01	2017-06-01 03:46:53.410277	1
256	5	2	0	2017-06-01	2017-06-01 03:47:53.410277	1
257	7	1	1	2017-06-01	2017-06-01 03:46:55.060475	1
258	7	2	0	2017-06-01	2017-06-01 03:47:55.060475	1
269	5	1	1	2017-06-01	2017-06-01 04:00:05.510565	1
271	7	1	1	2017-06-01	2017-06-01 04:00:06.817305	1
262	1	2	1	2017-06-01	2017-06-01 04:01:00.563966	1
264	2	2	1	2017-06-01	2017-06-01 04:01:02.08265	1
266	3	2	1	2017-06-01	2017-06-01 04:01:03.170172	1
268	4	2	1	2017-06-01	2017-06-01 04:01:04.294156	1
270	5	2	1	2017-06-01	2017-06-01 04:01:05.510565	1
272	7	2	1	2017-06-01	2017-06-01 04:01:06.817305	1
274	3	2	1	2017-06-01	2017-06-01 19:05:44.983147	1
273	1	2	0	2017-06-01	2017-06-02 00:00:00	0
275	3	1	1	2017-06-01	2017-06-01 19:05:48.015077	1
276	3	2	1	2017-06-01	2017-06-01 19:06:48.015077	1
277	4	1	1	2017-06-01	2017-06-01 19:07:02.460279	1
278	4	2	2	2017-06-01	2017-06-01 19:08:02.460279	1
279	5	1	1	2017-06-01	2017-06-01 19:07:15.242427	1
280	5	2	1	2017-06-01	2017-06-01 19:08:15.242427	1
281	1	1	0	2017-06-02	2017-06-02 01:06:23	1
282	1	2	0	2017-06-02	2017-06-02 01:07:23	1
283	1	1	0	2017-06-02	2017-06-02 01:08:00	1
284	1	2	0	2017-06-02	2017-06-02 01:09:00	1
345	5	1	0	2017-06-03	2017-06-04 07:00:00	1
346	5	2	0	2017-06-03	2017-06-04 07:10:00	1
347	5	1	1	2017-06-04	2017-06-04 07:38:05.347179	1
348	5	2	0	2017-06-04	2017-06-04 07:42:05.347179	1
287	5	1	1	2017-06-02	2017-06-02 07:19:40.334406	1
288	5	2	1	2017-06-02	2017-06-02 07:20:40.334406	1
289	4	1	1	2017-06-02	2017-06-02 07:19:57.918198	1
290	4	2	1	2017-06-02	2017-06-02 07:20:57.918198	1
291	4	1	1	2017-06-02	2017-06-02 07:20:23.399355	1
292	4	2	1	2017-06-02	2017-06-02 07:21:23.399355	1
293	5	1	1	2017-06-02	2017-06-02 07:20:37.4196	1
294	5	2	1	2017-06-02	2017-06-02 07:21:37.4196	1
295	4	1	1	2017-06-02	2017-06-02 07:21:30.753724	1
296	4	2	1	2017-06-02	2017-06-02 07:22:30.753724	1
297	5	1	1	2017-06-02	2017-06-02 07:21:43.81262	1
298	5	2	1	2017-06-02	2017-06-02 07:22:43.81262	1
299	3	1	1	2017-06-02	2017-06-02 07:21:52.517476	1
300	3	2	1	2017-06-02	2017-06-02 07:22:52.517476	1
349	2	1	1	2017-06-04	2017-06-04 20:39:32.917243	1
350	2	2	1	2017-06-04	2017-06-04 20:49:32.917243	1
351	1	2	1	2017-06-06	2017-06-06 18:39:28.086791	1
352	1	1	1	2017-06-06	2017-06-06 18:39:43.360518	1
353	1	2	1	2017-06-06	2017-06-06 18:40:43.360518	1
354	4	1	1	2017-06-06	2017-06-06 18:41:35.074207	1
285	1	1	0	2017-06-02	2017-06-03 01:13:37	0
355	4	2	1	2017-06-06	2017-06-06 18:43:35.074207	1
356	5	1	1	2017-06-06	2017-06-06 18:46:43.908968	1
358	1	1	1	2017-06-06	2017-06-06 18:47:08.280625	1
301	1	1	0	2017-06-02	2017-06-03 13:04:42	0
302	1	2	0	2017-06-02	2017-06-03 13:05:42	0
303	1	1	0	2017-06-02	2017-06-02 13:11:28	1
304	1	2	0	2017-06-02	2017-06-02 13:12:28	1
305	1	1	0	2017-06-02	2017-06-02 13:11:28	1
306	1	2	0	2017-06-02	2017-06-02 13:12:28	1
307	1	1	0	2017-06-02	2017-06-02 13:13:33	1
308	1	2	0	2017-06-02	2017-06-02 13:14:33	1
309	4	1	1	2017-06-02	2017-06-02 20:21:53.737816	1
310	4	2	1	2017-06-02	2017-06-02 20:22:53.737816	1
311	5	1	1	2017-06-02	2017-06-02 20:22:25.325923	1
359	1	2	0	2017-06-06	2017-06-06 18:48:08.280625	1
312	5	2	0	2017-06-02	2017-06-02 20:23:25.325923	1
313	2	1	0	2017-06-02	2017-06-02 20:28:00	1
314	2	2	0	2017-06-02	2017-06-02 20:30:00	1
315	2	1	0	2017-06-02	2017-06-02 20:41:00	1
316	2	2	1	2017-06-02	2017-06-02 20:42:00	1
317	2	1	0	2017-06-02	2017-06-02 20:45:00	1
318	2	2	0	2017-06-02	2017-06-02 20:46:00	1
319	2	1	0	2017-06-02	2017-06-02 20:45:00	1
320	2	2	0	2017-06-02	2017-06-02 20:46:00	1
321	1	1	0	2017-06-02	2017-06-02 20:49:00	1
322	1	2	0	2017-06-02	2017-06-02 20:50:00	1
323	1	1	1	2017-06-02	2017-06-02 20:50:26.833366	1
324	1	2	0	2017-06-02	2017-06-02 20:51:26.833366	1
325	1	1	1	2017-06-02	2017-06-02 21:03:00	1
326	1	2	1	2017-06-02	2017-06-02 21:04:00	1
327	1	1	1	2017-06-02	2017-06-02 21:42:00	1
328	1	2	1	2017-06-02	2017-06-02 21:43:00	1
357	5	2	1	2017-06-06	2017-06-06 18:47:43.908968	1
286	1	2	0	2017-06-02	2017-06-03 01:14:37	0
374	2	2	1	2017-06-06	2017-06-06 22:51:28.097798	1
360	1	1	1	2017-06-06	2017-06-06 18:50:00	1
329	5	1	1	2017-06-02	2017-06-03 06:10:00	1
330	5	2	1	2017-06-02	2017-06-03 06:14:00	1
331	4	1	1	2017-06-03	2017-06-03 19:03:16.591297	1
332	4	2	1	2017-06-03	2017-06-03 19:04:16.591297	1
333	5	1	1	2017-06-03	2017-06-03 19:03:32.293491	1
334	5	2	0	2017-06-03	2017-06-03 19:04:32.293491	1
335	4	1	1	2017-06-03	2017-06-03 19:05:17.228088	1
336	4	2	1	2017-06-03	2017-06-03 19:06:17.228088	1
337	5	1	1	2017-06-03	2017-06-03 19:05:32.751483	1
338	5	2	1	2017-06-03	2017-06-03 19:06:32.751483	1
339	5	1	1	2017-06-03	2017-06-03 19:10:03.223875	1
341	1	1	1	2017-06-03	2017-06-03 19:13:39.493256	1
342	1	2	1	2017-06-03	2017-06-03 19:14:39.493256	1
340	5	2	1	2017-06-03	2017-06-03 19:11:03.223875	1
343	1	1	0	2017-06-03	2017-06-03 20:30:00	1
344	1	2	0	2017-06-03	2017-06-03 20:35:00	1
361	1	2	1	2017-06-06	2017-06-06 18:51:00	1
362	1	1	1	2017-06-06	2017-06-06 18:51:22.798242	1
363	1	2	0	2017-06-06	2017-06-06 18:52:22.798242	1
364	5	2	1	2017-06-06	2017-06-06 18:54:50.765751	1
365	1	1	1	2017-06-06	2017-06-06 18:55:53.184299	1
366	1	2	0	2017-06-06	2017-06-06 18:56:53.184299	1
367	4	1	1	2017-06-06	2017-06-06 22:45:54.423513	1
368	4	2	1	2017-06-06	2017-06-06 22:46:54.423513	1
369	2	1	1	2017-06-06	2017-06-06 22:47:08.180198	1
370	2	2	1	2017-06-06	2017-06-06 22:48:08.180198	1
371	1	1	1	2017-06-06	2017-06-06 22:49:24.717632	1
373	2	1	1	2017-06-06	2017-06-06 22:49:28.097798	1
375	3	1	1	2017-06-06	2017-06-06 22:49:31.765569	1
377	4	1	1	2017-06-06	2017-06-06 22:49:35.481103	1
379	5	1	1	2017-06-06	2017-06-06 22:49:40.383114	1
380	5	2	0	2017-06-06	2017-06-06 22:53:40.383114	1
372	1	2	1	2017-06-06	2017-06-06 22:50:24.717632	1
378	4	2	1	2017-06-06	2017-06-06 22:51:35.481103	1
376	3	2	1	2017-06-06	2017-06-06 22:52:31.765569	1
381	5	1	1	2017-06-06	2017-06-06 22:59:03.91851	1
383	4	1	1	2017-06-06	2017-06-06 23:00:25.832811	1
382	5	2	1	2017-06-06	2017-06-06 23:00:03.91851	1
384	4	2	1	2017-06-06	2017-06-06 23:01:25.832811	1
385	3	1	1	2017-06-06	2017-06-06 23:02:05.652569	1
386	3	2	0	2017-06-06	2017-06-06 23:03:05.652569	1
387	2	1	1	2017-06-06	2017-06-06 23:47:59.014813	1
388	2	2	0	2017-06-06	2017-06-06 23:48:59.014813	1
389	2	1	1	2017-06-06	2017-06-06 23:50:14.704698	1
390	2	2	1	2017-06-06	2017-06-06 23:51:14.704698	1
391	2	1	1	2017-06-06	2017-06-06 23:53:48.60819	1
392	2	2	0	2017-06-06	2017-06-06 23:54:48.60819	1
393	2	1	1	2017-06-06	2017-06-06 23:55:26.737472	1
394	2	2	1	2017-06-06	2017-06-06 23:56:26.737472	1
395	1	1	1	2017-06-07	2017-06-07 11:44:35.951299	1
396	1	2	1	2017-06-07	2017-06-07 11:45:35.951299	1
397	1	1	1	2017-06-07	2017-06-07 11:52:10.823083	1
398	1	2	1	2017-06-07	2017-06-07 11:53:10.823083	1
399	1	1	1	2017-06-07	2017-06-07 12:00:23.176194	1
400	1	2	1	2017-06-07	2017-06-07 12:01:23.176194	1
401	1	1	1	2017-06-07	2017-06-07 12:02:08.049036	1
402	1	2	1	2017-06-07	2017-06-07 12:03:08.049036	1
403	2	1	1	2017-06-07	2017-06-07 12:03:50.33902	1
404	2	2	1	2017-06-07	2017-06-07 12:04:50.33902	1
405	1	1	1	2017-06-07	2017-06-07 12:07:33.232024	1
406	1	2	1	2017-06-07	2017-06-07 12:08:33.232024	1
407	1	1	1	2017-06-07	2017-06-07 12:09:11.927411	1
408	1	2	0	2017-06-07	2017-06-07 12:10:11.927411	1
409	1	1	1	2017-06-07	2017-06-07 14:09:45.656754	1
410	1	2	1	2017-06-07	2017-06-07 14:10:45.656754	1
411	1	1	1	2017-06-07	2017-06-07 14:37:19.340055	1
412	1	2	0	2017-06-07	2017-06-07 14:38:19.340055	1
413	1	1	1	2017-06-07	2017-06-07 14:39:34.691593	1
414	1	2	1	2017-06-07	2017-06-07 14:40:34.691593	1
415	5	2	1	2017-06-07	2017-06-07 14:46:54.166657	1
416	2	1	1	2017-06-07	2017-06-07 14:48:06.732633	1
417	2	2	1	2017-06-07	2017-06-07 14:49:06.732633	1
418	5	1	1	2017-06-07	2017-06-07 14:55:50.70139	1
420	4	1	1	2017-06-07	2017-06-07 14:55:51.978203	1
422	3	1	1	2017-06-07	2017-06-07 14:55:53.157253	1
424	2	1	1	2017-06-07	2017-06-07 14:55:54.537452	1
426	1	1	1	2017-06-07	2017-06-07 14:55:55.641472	1
425	2	2	1	2017-06-07	2017-06-07 14:56:54.537452	1
423	3	2	1	2017-06-07	2017-06-07 14:56:53.157253	1
421	4	2	1	2017-06-07	2017-06-07 14:56:51.978203	1
419	5	2	1	2017-06-07	2017-06-07 14:56:50.70139	1
427	1	2	1	2017-06-07	2017-06-07 14:56:55.641472	1
428	1	1	1	2017-06-07	2017-06-07 15:01:00	1
429	1	2	1	2017-06-07	2017-06-07 15:02:00	1
430	5	1	1	2017-06-07	2017-06-07 15:07:38.882227	1
432	4	1	1	2017-06-07	2017-06-07 15:07:40.165561	1
434	3	1	1	2017-06-07	2017-06-07 15:07:41.34576	1
436	2	1	1	2017-06-07	2017-06-07 15:07:42.564862	1
438	1	1	1	2017-06-07	2017-06-07 15:07:45.499131	1
437	2	2	1	2017-06-07	2017-06-07 15:08:42.564862	1
435	3	2	1	2017-06-07	2017-06-07 15:08:41.34576	1
433	4	2	1	2017-06-07	2017-06-07 15:08:40.165561	1
431	5	2	1	2017-06-07	2017-06-07 15:08:38.882227	1
439	1	2	1	2017-06-07	2017-06-07 15:09:45.499131	1
444	1	1	0	2017-06-07	2017-06-07 16:10:00	0
442	1	1	0	2017-06-07	2017-06-07 16:10:00	0
465	1	2	1	2017-06-07	2017-06-07 17:28:25.915441	1
441	1	2	0	2017-06-07	2017-06-07 16:12:00	0
445	1	2	0	2017-06-07	2017-06-07 16:13:00	0
474	4	2	1	2017-06-07	2017-06-07 17:35:57.817477	1
447	2	2	0	2017-06-07	2017-06-07 16:11:00	1
440	1	1	1	2017-06-07	2017-06-07 16:10:00	1
446	2	1	1	2017-06-07	2017-06-07 16:10:00	1
448	3	1	1	2017-06-07	2017-06-07 16:10:00	1
450	4	1	1	2017-06-07	2017-06-07 16:10:00	1
452	5	1	1	2017-06-07	2017-06-07 16:10:00	1
443	1	2	1	2017-06-07	2017-06-07 16:11:00	1
449	3	2	1	2017-06-07	2017-06-07 16:11:00	1
451	4	2	1	2017-06-07	2017-06-07 16:11:00	1
453	5	2	1	2017-06-07	2017-06-07 16:11:00	1
463	5	2	0	2017-06-07	2017-06-07 17:08:00	1
454	1	1	1	2017-06-07	2017-06-07 17:07:00	1
456	2	1	1	2017-06-07	2017-06-07 17:07:00	1
458	3	1	1	2017-06-07	2017-06-07 17:07:00	1
460	4	1	1	2017-06-07	2017-06-07 17:07:00	1
462	5	1	1	2017-06-07	2017-06-07 17:07:00	1
455	1	2	1	2017-06-07	2017-06-07 17:08:00	1
457	2	2	1	2017-06-07	2017-06-07 17:08:00	1
459	3	2	1	2017-06-07	2017-06-07 17:08:00	1
461	4	2	1	2017-06-07	2017-06-07 17:08:00	1
464	1	1	1	2017-06-07	2017-06-07 17:27:25.915441	1
466	2	1	1	2017-06-07	2017-06-07 17:27:27.285639	1
467	2	2	0	2017-06-07	2017-06-07 17:28:27.285639	1
468	3	1	1	2017-06-07	2017-06-07 17:27:32.287385	1
469	3	2	0	2017-06-07	2017-06-07 17:28:32.287385	1
470	4	1	1	2017-06-07	2017-06-07 17:27:33.562777	1
471	4	2	0	2017-06-07	2017-06-07 17:28:33.562777	1
472	5	1	1	2017-06-07	2017-06-07 17:27:34.805571	1
473	5	2	0	2017-06-07	2017-06-07 17:28:34.805571	1
475	3	2	1	2017-06-07	2017-06-07 17:35:58.397025	1
476	5	2	1	2017-06-07	2017-06-07 17:35:58.773907	1
477	1	1	1	2017-06-07	2017-06-07 17:36:00.761106	1
479	2	1	1	2017-06-07	2017-06-07 17:36:01.892631	1
481	3	1	1	2017-06-07	2017-06-07 17:36:02.87989	1
483	4	1	1	2017-06-07	2017-06-07 17:36:03.951978	1
485	5	1	1	2017-06-07	2017-06-07 17:36:05.006694	1
478	1	2	1	2017-06-07	2017-06-07 17:37:00.761106	1
480	2	2	1	2017-06-07	2017-06-07 17:37:01.892631	1
482	3	2	1	2017-06-07	2017-06-07 17:37:02.87989	1
484	4	2	1	2017-06-07	2017-06-07 17:37:03.951978	1
486	5	2	1	2017-06-07	2017-06-07 17:37:05.006694	1
487	5	1	1	2017-06-07	2017-06-07 17:37:09.52669	1
489	3	1	1	2017-06-07	2017-06-07 17:37:11.793584	1
491	2	1	1	2017-06-07	2017-06-07 17:37:13.015633	1
493	1	1	1	2017-06-07	2017-06-07 17:37:14.233802	1
495	4	1	1	2017-06-07	2017-06-07 17:37:15.354124	1
494	1	2	1	2017-06-07	2017-06-07 17:38:14.233802	1
492	2	2	1	2017-06-07	2017-06-07 17:38:13.015633	1
490	3	2	1	2017-06-07	2017-06-07 17:38:11.793584	1
496	4	2	1	2017-06-07	2017-06-07 17:38:15.354124	1
488	5	2	1	2017-06-07	2017-06-07 17:38:09.52669	1
497	5	1	1	2017-06-07	2017-06-07 17:40:30.210651	1
499	4	1	1	2017-06-07	2017-06-07 17:40:31.226573	1
501	3	1	1	2017-06-07	2017-06-07 17:40:32.335943	1
503	2	1	1	2017-06-07	2017-06-07 17:40:33.278484	1
505	1	1	1	2017-06-07	2017-06-07 17:40:34.483967	1
507	1	2	1	2017-06-07	2017-06-07 17:41:35.253776	1
508	2	2	1	2017-06-07	2017-06-07 17:41:36.301239	1
509	3	2	1	2017-06-07	2017-06-07 17:41:37.037863	1
506	1	2	1	2017-06-07	2017-06-07 17:41:34.483967	1
504	2	2	1	2017-06-07	2017-06-07 17:41:33.278484	1
502	3	2	1	2017-06-07	2017-06-07 17:41:32.335943	1
510	4	2	1	2017-06-07	2017-06-07 17:41:37.88447	1
500	4	2	1	2017-06-07	2017-06-07 17:41:31.226573	1
498	5	2	1	2017-06-07	2017-06-07 17:41:30.210651	1
511	5	2	1	2017-06-07	2017-06-07 17:41:38.979684	1
512	5	2	1	2017-06-07	2017-06-07 17:41:42.22459	1
513	5	1	1	2017-06-07	2017-06-07 17:41:44.23392	1
515	4	1	1	2017-06-07	2017-06-07 17:41:45.974872	1
517	3	1	1	2017-06-07	2017-06-07 17:41:47.985208	1
519	2	1	1	2017-06-07	2017-06-07 17:41:49.512099	1
521	1	1	1	2017-06-07	2017-06-07 17:41:51.168931	1
514	5	2	1	2017-06-07	2017-06-07 17:42:44.23392	1
522	1	2	1	2017-06-07	2017-06-07 17:42:51.168931	1
520	2	2	1	2017-06-07	2017-06-07 17:42:49.512099	1
518	3	2	1	2017-06-07	2017-06-07 17:42:47.985208	1
516	4	2	1	2017-06-07	2017-06-07 17:42:45.974872	1
523	4	1	1	2017-06-07	2017-06-07 17:43:58.411507	1
525	3	1	1	2017-06-07	2017-06-07 17:44:00.095404	1
527	2	1	1	2017-06-07	2017-06-07 17:44:01.724387	1
529	1	1	1	2017-06-07	2017-06-07 17:44:03.302707	1
531	5	1	1	2017-06-07	2017-06-07 17:44:04.812558	1
620	5	2	1	2017-06-07	2017-06-07 18:42:49.880441	1
621	1	1	1	2017-06-07	2017-06-07 18:52:50.66057	1
524	4	2	1	2017-06-07	2017-06-07 17:44:58.411507	1
608	1	1	1	2017-06-07	2017-06-07 18:30:59.629876	1
609	1	2	0	2017-06-07	2017-06-07 18:31:59.629876	1
526	3	2	1	2017-06-07	2017-06-07 17:45:00.095404	1
530	1	2	1	2017-06-07	2017-06-07 17:45:03.302707	1
528	2	2	1	2017-06-07	2017-06-07 17:45:01.724387	1
532	5	2	1	2017-06-07	2017-06-07 17:45:04.812558	1
533	1	1	1	2017-06-07	2017-06-07 17:45:19.211451	1
535	2	1	1	2017-06-07	2017-06-07 17:45:21.080828	1
536	2	2	0	2017-06-07	2017-06-07 17:46:21.080828	1
537	3	1	1	2017-06-07	2017-06-07 17:45:22.600484	1
538	3	2	0	2017-06-07	2017-06-07 17:46:22.600484	1
539	4	1	1	2017-06-07	2017-06-07 17:45:24.109822	1
540	4	2	0	2017-06-07	2017-06-07 17:46:24.109822	1
541	5	1	1	2017-06-07	2017-06-07 17:45:25.574177	1
542	5	2	0	2017-06-07	2017-06-07 17:46:25.574177	1
543	1	1	0	2017-06-07	2017-06-07 17:47:00	1
544	1	2	0	2017-06-07	2017-06-07 17:48:00	1
545	2	1	0	2017-06-07	2017-06-07 17:47:00	1
546	2	2	0	2017-06-07	2017-06-07 17:48:00	1
547	3	1	0	2017-06-07	2017-06-07 17:47:00	1
548	3	2	0	2017-06-07	2017-06-07 17:48:00	1
549	4	1	0	2017-06-07	2017-06-07 17:47:00	1
550	4	2	0	2017-06-07	2017-06-07 17:48:00	1
551	5	1	0	2017-06-07	2017-06-07 17:47:00	1
552	5	2	0	2017-06-07	2017-06-07 17:48:00	1
534	1	2	1	2017-06-07	2017-06-07 17:46:19.211451	1
553	5	2	1	2017-06-07	2017-06-07 17:57:06.481262	1
554	3	2	1	2017-06-07	2017-06-07 17:57:07.592975	1
555	4	2	1	2017-06-07	2017-06-07 17:57:08.979433	1
556	1	1	1	2017-06-07	2017-06-07 17:57:15.355576	1
558	2	1	1	2017-06-07	2017-06-07 17:57:17.173424	1
560	3	1	1	2017-06-07	2017-06-07 17:57:20.449412	1
562	4	1	1	2017-06-07	2017-06-07 17:57:22.738252	1
564	5	1	1	2017-06-07	2017-06-07 17:57:26.360032	1
557	1	2	1	2017-06-07	2017-06-07 17:58:15.355576	1
559	2	2	1	2017-06-07	2017-06-07 17:58:17.173424	1
561	3	2	1	2017-06-07	2017-06-07 17:58:20.449412	1
563	4	2	1	2017-06-07	2017-06-07 17:58:22.738252	1
565	5	2	1	2017-06-07	2017-06-07 17:58:26.360032	1
566	1	1	0	2017-06-07	2017-06-07 17:59:00	1
567	1	2	0	2017-06-07	2017-06-07 18:00:00	1
568	2	1	0	2017-06-07	2017-06-07 17:59:00	1
569	2	2	0	2017-06-07	2017-06-07 18:00:00	1
570	3	1	0	2017-06-07	2017-06-07 17:59:00	1
571	3	2	0	2017-06-07	2017-06-07 18:00:00	1
572	4	1	0	2017-06-07	2017-06-07 17:59:00	1
573	4	2	0	2017-06-07	2017-06-07 18:00:00	1
574	5	1	0	2017-06-07	2017-06-07 17:59:00	1
575	5	2	0	2017-06-07	2017-06-07 18:00:00	1
576	1	1	1	2017-06-07	2017-06-07 18:00:05.785719	1
577	1	2	0	2017-06-07	2017-06-07 18:01:05.785719	1
578	2	1	1	2017-06-07	2017-06-07 18:00:11.699615	1
579	2	2	0	2017-06-07	2017-06-07 18:01:11.699615	1
580	3	1	1	2017-06-07	2017-06-07 18:00:13.286213	1
581	3	2	0	2017-06-07	2017-06-07 18:01:13.286213	1
582	4	1	1	2017-06-07	2017-06-07 18:00:15.075278	1
583	4	2	0	2017-06-07	2017-06-07 18:01:15.075278	1
584	5	1	1	2017-06-07	2017-06-07 18:00:16.552971	1
585	5	2	0	2017-06-07	2017-06-07 18:01:16.552971	1
586	3	2	1	2017-06-07	2017-06-07 18:11:42.658479	1
587	4	2	1	2017-06-07	2017-06-07 18:11:43.906846	1
588	1	1	1	2017-06-07	2017-06-07 18:17:44.438785	1
589	1	2	0	2017-06-07	2017-06-07 18:18:44.438785	1
590	2	1	1	2017-06-07	2017-06-07 18:17:45.889296	1
591	2	2	0	2017-06-07	2017-06-07 18:18:45.889296	1
592	3	1	1	2017-06-07	2017-06-07 18:17:46.967562	1
593	3	2	0	2017-06-07	2017-06-07 18:18:46.967562	1
594	4	1	1	2017-06-07	2017-06-07 18:17:48.044097	1
595	4	2	0	2017-06-07	2017-06-07 18:18:48.044097	1
596	5	1	1	2017-06-07	2017-06-07 18:17:49.302048	1
597	5	2	0	2017-06-07	2017-06-07 18:18:49.302048	1
610	2	1	1	2017-06-07	2017-06-07 18:31:01.506463	1
611	2	2	0	2017-06-07	2017-06-07 18:32:01.506463	1
598	1	1	1	2017-06-07	2017-06-07 18:25:32.677524	1
599	1	2	0	2017-06-07	2017-06-07 18:26:32.677524	1
600	2	1	1	2017-06-07	2017-06-07 18:25:35.709698	1
601	2	2	0	2017-06-07	2017-06-07 18:26:35.709698	1
602	3	1	1	2017-06-07	2017-06-07 18:25:37.126221	1
603	3	2	0	2017-06-07	2017-06-07 18:26:37.126221	1
604	4	1	1	2017-06-07	2017-06-07 18:25:38.331867	1
605	4	2	0	2017-06-07	2017-06-07 18:26:38.331867	1
606	5	1	1	2017-06-07	2017-06-07 18:25:39.556912	1
607	5	2	0	2017-06-07	2017-06-07 18:26:39.556912	1
612	3	1	1	2017-06-07	2017-06-07 18:31:02.679022	1
613	3	2	0	2017-06-07	2017-06-07 18:32:02.679022	1
614	4	1	1	2017-06-07	2017-06-07 18:31:03.782231	1
615	4	2	0	2017-06-07	2017-06-07 18:32:03.782231	1
616	5	1	1	2017-06-07	2017-06-07 18:31:04.790378	1
617	5	2	0	2017-06-07	2017-06-07 18:32:04.790378	1
622	1	2	0	2017-06-07	2017-06-07 18:53:50.66057	1
618	3	2	1	2017-06-07	2017-06-07 18:42:48.336999	1
619	4	2	1	2017-06-07	2017-06-07 18:42:49.162577	1
623	2	1	1	2017-06-07	2017-06-07 18:52:55.034757	1
624	2	2	0	2017-06-07	2017-06-07 18:53:55.034757	1
625	3	1	1	2017-06-07	2017-06-07 18:52:56.184254	1
626	3	2	0	2017-06-07	2017-06-07 18:53:56.184254	1
627	4	1	1	2017-06-07	2017-06-07 18:52:57.346896	1
628	4	2	0	2017-06-07	2017-06-07 18:53:57.346896	1
629	5	1	1	2017-06-07	2017-06-07 18:52:58.565718	1
630	5	2	0	2017-06-07	2017-06-07 18:53:58.565718	1
631	5	1	1	2017-06-07	2017-06-07 18:56:00.092464	1
632	5	2	0	2017-06-07	2017-06-07 18:57:00.092464	1
633	4	1	1	2017-06-07	2017-06-07 18:56:01.214379	1
634	4	2	0	2017-06-07	2017-06-07 18:57:01.214379	1
635	3	1	1	2017-06-07	2017-06-07 18:56:02.500456	1
636	3	2	0	2017-06-07	2017-06-07 18:57:02.500456	1
637	1	1	1	2017-06-07	2017-06-07 18:56:05.29302	1
638	1	2	0	2017-06-07	2017-06-07 18:57:05.29302	1
694	5	1	1	2017-06-11	2017-06-11 10:10:00	1
692	1	1	1	2017-06-11	2017-06-11 10:20:00	1
695	5	2	1	2017-06-11	2017-06-11 10:20:00	1
639	1	1	1	2017-06-07	2017-06-07 19:01:19.731195	1
640	1	2	0	2017-06-07	2017-06-07 19:02:19.731195	1
641	2	1	1	2017-06-07	2017-06-07 19:01:20.888809	1
642	2	2	0	2017-06-07	2017-06-07 19:02:20.888809	1
643	3	1	1	2017-06-07	2017-06-07 19:01:21.990263	1
644	3	2	0	2017-06-07	2017-06-07 19:02:21.990263	1
645	4	1	1	2017-06-07	2017-06-07 19:01:23.402535	1
646	4	2	0	2017-06-07	2017-06-07 19:02:23.402535	1
647	5	1	1	2017-06-07	2017-06-07 19:01:24.497312	1
648	5	2	0	2017-06-07	2017-06-07 19:02:24.497312	1
693	1	2	0	2017-06-11	2017-06-11 10:30:00	0
696	1	2	1	2017-06-11	2017-06-11 10:23:55.163441	1
697	5	1	1	2017-06-11	2017-06-11 10:24:16.185844	1
698	5	2	1	2017-06-11	2017-06-11 10:34:16.185844	1
649	1	1	0	2017-06-07	2017-06-07 22:30:00	1
650	1	2	0	2017-06-07	2017-06-07 22:33:00	1
651	2	1	0	2017-06-07	2017-06-07 22:46:00	1
652	2	2	0	2017-06-07	2017-06-07 22:51:00	1
653	3	1	0	2017-06-07	2017-06-07 22:50:00	1
654	3	2	0	2017-06-07	2017-06-07 22:51:00	1
655	4	1	0	2017-06-07	2017-06-07 23:00:00	1
656	4	2	0	2017-06-07	2017-06-07 23:01:00	1
657	5	1	0	2017-06-07	2017-06-07 23:05:00	1
658	5	2	0	2017-06-07	2017-06-07 23:06:00	1
665	4	1	0	2017-06-07	2017-06-08 04:06:00	1
666	4	2	0	2017-06-07	2017-06-08 04:07:00	1
699	1	1	1	2017-06-11	2017-06-11 10:37:38.392154	1
700	1	2	0	2017-06-11	2017-06-11 10:47:38.392154	1
659	1	1	0	2017-06-07	2017-06-09 01:05:00	0
660	1	2	0	2017-06-07	2017-06-09 01:06:00	0
701	1	1	1	2017-06-11	2017-06-11 10:42:04.24276	1
662	3	2	0	2017-06-07	2017-06-09 02:07:00	0
661	3	1	0	2017-06-07	2017-06-09 02:06:00	0
663	5	1	0	2017-06-07	2017-06-09 03:06:00	0
664	5	2	0	2017-06-07	2017-06-09 03:07:00	0
667	1	1	0	2017-06-07	2017-06-09 05:18:00	0
668	1	2	0	2017-06-07	2017-06-09 05:19:00	0
669	1	1	0	2017-06-07	2017-06-08 06:18:00	1
670	1	2	0	2017-06-07	2017-06-08 06:19:00	1
671	1	1	0	2017-06-07	2017-06-08 05:18:00	1
672	1	2	0	2017-06-07	2017-06-08 05:21:00	1
673	1	1	0	2017-06-07	2017-06-07 22:21:00	1
674	1	2	0	2017-06-07	2017-06-07 22:22:00	1
702	1	2	1	2017-06-11	2017-06-11 10:52:04.24276	1
675	1	1	0	2017-06-08	2017-06-08 08:45:00	1
676	1	2	0	2017-06-08	2017-06-08 08:46:00	1
677	7	2	1	2017-06-08	2017-06-08 08:44:53.659751	1
678	1	1	1	2017-06-08	2017-06-08 09:51:00	1
679	1	2	1	2017-06-08	2017-06-08 09:52:00	1
680	2	1	1	2017-06-08	2017-06-08 21:45:42.928321	1
681	2	2	1	2017-06-08	2017-06-08 21:55:42.928321	1
682	1	1	1	2017-06-09	2017-06-09 20:22:00	1
683	1	2	1	2017-06-09	2017-06-09 20:32:00	1
684	3	1	1	2017-06-09	2017-06-09 20:36:30.574303	1
685	3	2	1	2017-06-09	2017-06-09 20:46:30.574303	1
686	5	1	0	2017-06-09	2017-06-10 07:00:00	1
687	5	2	0	2017-06-09	2017-06-10 07:10:00	1
688	5	1	1	2017-06-10	2017-06-10 07:05:08.668411	1
689	5	2	1	2017-06-10	2017-06-10 07:15:08.668411	1
690	4	1	1	2017-06-10	2017-06-10 11:02:52.802241	1
691	4	2	1	2017-06-10	2017-06-10 11:12:52.802241	1
\.


--
--



--
-- Data for Name: lines; Type: TABLE DATA; Schema: public; Owner: sprinkler
--

COPY lines (id, number, name) FROM stdin;
1	2	Клубника клумба
2	3	Клубника беседка
3	1	Огурцы
4	4	Малина
5	5	Помидоры
6	7	Насос
7	6	reserved
\.


--
--



--
-- Data for Name: state_of_line; Type: TABLE DATA; Schema: public; Owner: sprinkler
--

COPY state_of_line (id, short_name, full_name) FROM stdin;
1	Active	Рабочая
2	Deactive	Не рабочая
3	Repair	Ремонт
\.


--
--



--
-- Data for Name: type_of_rule; Type: TABLE DATA; Schema: public; Owner: sprinkler
--

COPY type_of_rule (id, name) FROM stdin;
1	Начать полив
2	Остановить полив
3	Деактивировать
\.


--
--



--
-- Data for Name: week_schedule; Type: TABLE DATA; Schema: public; Owner: sprinkler
--

COPY week_schedule (id, day_number, line_id, rule_id, "time", "interval", active) FROM stdin;
4	0	5	1	20:10:00	10	1
6	0	2	1	23:55:00	10	1
7	1	3	1	00:01:00	15	1
9	1	1	1	17:00:00	5	1
10	1	2	1	18:30:00	10	1
11	1	3	1	20:00:00	25	1
12	1	5	1	20:10:10	25	1
1	0	1	1	17:00:00	5	1
2	0	2	1	18:30:00	10	1
3	0	3	1	20:00:00	25	1
\.


--
--



--
-- Name: current_lines_state_pkey; Type: CONSTRAINT; Schema: public; Owner: sprinkler; Tablespace: 
--

ALTER TABLE ONLY current_lines_state
    ADD CONSTRAINT current_lines_state_pkey PRIMARY KEY (id);


--
-- Name: day_of_week_num_key; Type: CONSTRAINT; Schema: public; Owner: sprinkler; Tablespace: 
--

ALTER TABLE ONLY day_of_week
    ADD CONSTRAINT day_of_week_num_key UNIQUE (num);


--
-- Name: day_of_week_pkey; Type: CONSTRAINT; Schema: public; Owner: sprinkler; Tablespace: 
--

ALTER TABLE ONLY day_of_week
    ADD CONSTRAINT day_of_week_pkey PRIMARY KEY (id);


--
-- Name: life_pkey; Type: CONSTRAINT; Schema: public; Owner: sprinkler; Tablespace: 
--

ALTER TABLE ONLY life
    ADD CONSTRAINT life_pkey PRIMARY KEY (id);


--
-- Name: lines_number_key; Type: CONSTRAINT; Schema: public; Owner: sprinkler; Tablespace: 
--

ALTER TABLE ONLY lines
    ADD CONSTRAINT lines_number_key UNIQUE (number);


--
-- Name: lines_pkey; Type: CONSTRAINT; Schema: public; Owner: sprinkler; Tablespace: 
--

ALTER TABLE ONLY lines
    ADD CONSTRAINT lines_pkey PRIMARY KEY (id);


--
-- Name: state_of_line_pkey; Type: CONSTRAINT; Schema: public; Owner: sprinkler; Tablespace: 
--

ALTER TABLE ONLY state_of_line
    ADD CONSTRAINT state_of_line_pkey PRIMARY KEY (id);


--
-- Name: type_of_rule_pkey; Type: CONSTRAINT; Schema: public; Owner: sprinkler; Tablespace: 
--

ALTER TABLE ONLY type_of_rule
    ADD CONSTRAINT type_of_rule_pkey PRIMARY KEY (id);


--
-- Name: week_schedule_pkey; Type: CONSTRAINT; Schema: public; Owner: sprinkler; Tablespace: 
--

ALTER TABLE ONLY week_schedule
    ADD CONSTRAINT week_schedule_pkey PRIMARY KEY (id);


--
-- Name: week; Type: INDEX; Schema: public; Owner: sprinkler; Tablespace: 
--

CREATE INDEX week ON week_schedule USING btree (day_number);


--
-- Name: current_lines_state_state_id_fkey; Type: FK CONSTRAINT; Schema: public; Owner: sprinkler
--

ALTER TABLE ONLY current_lines_state
    ADD CONSTRAINT current_lines_state_state_id_fkey FOREIGN KEY (state_id) REFERENCES state_of_line(id);


--
-- Name: life_rule_id_fkey; Type: FK CONSTRAINT; Schema: public; Owner: sprinkler
--

ALTER TABLE ONLY life
    ADD CONSTRAINT life_rule_id_fkey FOREIGN KEY (rule_id) REFERENCES type_of_rule(id);


--
-- Name: week_schedule_day_number_fkey; Type: FK CONSTRAINT; Schema: public; Owner: sprinkler
--

ALTER TABLE ONLY week_schedule
    ADD CONSTRAINT week_schedule_day_number_fkey FOREIGN KEY (day_number) REFERENCES day_of_week(num);


--
-- Name: week_schedule_rule_id_fkey; Type: FK CONSTRAINT; Schema: public; Owner: sprinkler
--

ALTER TABLE ONLY week_schedule
    ADD CONSTRAINT week_schedule_rule_id_fkey FOREIGN KEY (rule_id) REFERENCES type_of_rule(id);


--
-- Name: public; Type: ACL; Schema: -; Owner: postgres
--

REVOKE ALL ON SCHEMA public FROM PUBLIC;
REVOKE ALL ON SCHEMA public FROM postgres;
GRANT ALL ON SCHEMA public TO postgres;
GRANT ALL ON SCHEMA public TO PUBLIC;


--
-- PostgreSQL database dump complete
--
END;
